{"gain": 1.0, "growth": 1.0, "increase": 1.0, "profit": 1.0, "positive": 1.011433206315226, "rise": 1.0, "soar": 1.009375, "strong": 1.0, "record": 1.0, "surge": 1.0, "boost": 1.0, "improve": 1.0, "outperform": 1.0, "exceed": 1.0, "beat": 1.0, "bullish": 1.0, "upgrade": 1.0, "confident": 1.0, "recovery": 1.0, "opportunity": 1.0, "loss": -1.0, "fall": -1.0, "decline": -1.0, "negative": -1.0, "drop": -1.0, "plunge": -1.0, "weaken": -1.0, "concern": -1.0, "delay": -1.0, "down": -1.0090098195081856, "miss": -1.0, "underperform": -1.0, "fear": -1.0, "crisis": -1.0, "lawsuit": -1.0, "bearish": -1.0, "downgrade": -1.0, "risk": -1.0, "warning": -1.0024310103702476, "recall": -1.0, "and": 0.021768408963536247, "body": 0.009375000000000001, "boeing": 0.0226250744724908, "deal": 0.003076425649571593, "rebound": 0.009375000000000001, "energize": 0.009375000000000001, "strikes": 0.009375000000000001, "uae": 0.010202026687476152, "spotlight": 0.009375000000000001, "massive": 0.009375000000000001, "into": 0.009375000000000001, "dominance": 0.009375000000000001, "could": 0.01040255296132654, "trump": 0.009296804155454799, "wide": 0.009375000000000001, "jet": 0.020060888141409047, "the": 0.020941382276060096, "etihad": 0.010202026687476152, "back": 0.009375000000000001, "order": 0.009375000000000001, "revive": 0.009375000000000001, "aviation": 0.010231665508954555, "top": -0.00900981950818565, "morning": -0.00900981950818565, "friday": -0.00900981950818565, "novo": -0.00900981950818565, "stock": 0.002423386807040318, "weaker": -0.00900981950818565, "all": -0.00900981950818565, "ceo": -0.00900981950818565, "late": -0.00900981950818565, "major": -0.00900981950818565, "three": -0.00900981950818565, "charter": -0.00900981950818565, "stories": -0.00900981950818565, "than": -0.008340697178913932, "billion": -0.008340697178913932, "stepping": -0.00900981950818565, "cox": -0.00900981950818565, "nordisk": -0.00900981950818565, "midday": -0.00900981950818565, "flat": -0.00900981950818565, "trading": -0.00900981950818565, "hovered": -0.00900981950818565, "around": -0.00900981950818565, "indexes": -0.00900981950818565, "merge": -0.00900981950818565, "push": 0.000827026687476151, "visits": 0.000827026687476151, "trade": 0.001854579648802689, "lands": 0.000827026687476151, "with": 0.002523701978074407, "announces": 0.000827026687476151, "national": -0.002431010370247625, "would": -0.002431010370247625, "defended": -0.002431010370247625, "nyse": -0.0015634993297641295, "nikki": -0.002431010370247625, "747": -0.002431010370247625, "nations": -0.002431010370247625, "from": -0.0015743448612930721, "says": -0.0014034574089210872, "declaring": -0.002431010370247625, "400": -0.002431010370247625, "fool": -0.002431010370247625, "this": -0.002431010370247625, "highlighted": -0.002431010370247625, "practice": -0.002431010370247625, "that": -0.002431010370247625, "haley": -0.002431010370247625, "bill": -0.002431010370247625, "jumbo": -0.002431010370247625, "contender": -0.002431010370247625, "never": -0.002431010370247625, "our": -0.002431010370247625, "behalf": -0.002431010370247625, "critics": -0.002431010370247625, "gift": -0.002431010370247625, "donald": -0.0017618880409759068, "qatar": -0.0017618880409759068, "ackman": -0.002431010370247625, "million": -0.002431010370247625, "not": -0.002431010370247625, "accept": -0.002431010370247625, "former": -0.002431010370247625, "implications": -0.002431010370247625, "foreign": -0.002431010370247625, "cites": -0.002431010370247625, "arrangement": -0.002431010370247625, "intelligence": -0.002431010370247625, "security": -0.002431010370247625, "criticized": -0.002431010370247625, "presidential": -0.002431010370247625, "what": -0.0015634993297641295, "only": -0.002431010370247625, "republican": -0.002431010370247625, "offer": -0.0015743448612930721, "good": -0.002431010370247625, "slams": -0.002431010370247625, "ties": -0.002431010370247625, "terro": -0.002431010370247625, "swiftly": -0.002431010370247625, "reportedly": -0.002431010370247625, "valued": -0.002431010370247625, "president": -0.0017618880409759068, "gifts": -0.002431010370247625, "dismissing": -0.002431010370247625, "threatens": -0.002431010370247625, "happened": -0.002431010370247625, "accepting": -0.002431010370247625, "country": -0.002431010370247625, "estimates": 0.011433206315225968, "more": 0.012102328644497687, "rises": 0.011433206315225968, "again": 0.012300717355709463, "raised": 0.012300717355709463, "william": 0.011433206315225968, "street": 0.011433206315225968, "dipalma": 0.011433206315225968, "for": 0.012289871824180522, "wall": 0.011433206315225968, "his": 0.011433206315225968, "louie": 0.011433206315225968, "manufacturer": 0.011433206315225968, "blair": 0.011433206315225968, "2025": 0.011433206315225968, "analyst": 0.012460759276552507, "2026": 0.011433206315225968, "sales": 0.012102328644497687, "investors": 0.0008675110404834954, "during": 0.0008675110404834954, "pound": 0.0008675110404834954, "had": 0.0008675110404834954, "deliveries": 0.0008675110404834954, "here": 0.0008675110404834954, "stay": 0.0008675110404834954, "about": 0.0008675110404834954, "just": 0.0008675110404834954, "kelly": 0.0008675110404834954, "phil": 0.0008675110404834954, "talk": 0.0008675110404834954, "long": 0.0018950640018100331, "cramer": 0.0008675110404834954, "table": 0.0008675110404834954, "since": 0.0008675110404834954, "jim": 0.0008675110404834954, "capital": 0.0008675110404834954, "urges": 0.0008675110404834954, "going": 0.0008675110404834954, "monthly": 0.0008675110404834954, "got": 0.0008675110404834954, "lebeau": 0.0008675110404834954, "listened": 0.0008675110404834954, "company": 0.0008675110404834954, "continue": 0.0008675110404834954, "tomorrow": 0.0008675110404834954, "caller": 0.0008675110404834954, "they": 0.0008675110404834954, "episode": 0.0008675110404834954, "ever": 0.0008675110404834954, "ortberg": 0.0008675110404834954, "inquired": 0.0008675110404834954, "say": 0.0008675110404834954, "thursday": 0.0010275529613265378, "negotiations": 0.0010275529613265378, "current": 0.0010275529613265378, "airline": 0.0010275529613265378, "approach": 0.0010275529613265378, "analytics": 0.0010275529613265378, "said": 0.0010275529613265378, "winner": 0.0010275529613265378, "big": 0.0010275529613265378, "leads": 0.0010275529613265378, "between": 0.001696675290598256, "tariff": 0.0010275529613265378, "term": 0.0010275529613265378, "broader": 0.0010275529613265378, "reduction": 0.0010275529613265378, "beijing": 0.0010275529613265378, "day": 0.0010275529613265378, "china": 0.0010275529613265378, "visual": 0.0010275529613265378, "industry": 0.0010275529613265378, "washington": 0.0010275529613265378, "trillion": 0.0006691223292717183, "has": 0.0006691223292717183, "signed": 0.0006691223292717183, "fact": 0.0006691223292717183, "agreement": 0.0006691223292717183, "circulated": 0.0006691223292717183, "house": 0.0006691223292717183, "aerospace": 0.0006691223292717183, "historic": 0.0006691223292717183, "engine": 0.0006691223292717183, "touts": 0.0006691223292717183, "economic": 0.0006691223292717183, "today": 0.0006691223292717183, "totaling": 0.0006691223292717183, "white": 0.0006691223292717183, "successfully": 0.0006691223292717183, "worth": 0.0006691223292717183, "parsons": 0.0006691223292717183, "243": 0.0006691223292717183, "stated": 0.0006691223292717183, "airways": 0.0006691223292717183, "sheet": 0.0006691223292717183, "united": 0.0006691223292717183, "engines": 0.0006691223292717183, "projects": 0.0006691223292717183, "psn": 0.0006691223292717183, "including": 0.0006691223292717183, "generate": 0.0006691223292717183, "won": 0.0006691223292717183, "states": 0.0006691223292717183, "sale": 0.0006691223292717183, "aircraft": 0.0006691223292717183, "announced": 0.0006691223292717183, "deals": 0.0006691223292717183, "least": 0.0006691223292717183, "conjunction": 0.0006691223292717183, "trip": 0.0006691223292717183, "also": 0.0006691223292717183, "exchange": 0.0006691223292717183,